phage_accession,dpos_accession,phage,experimental,reference,target_receptor,specific_serotype,domain
MN481365.1,QHI00738.1,Escherichia phage vB_EcoP_PHB19,yes,10.1128/AEM.00145-20,LPS,O91,IPR005604;IPR011050
NC_041857.1,YP_009592222,Acinetobacter phage vB_AbaM-IME-AB2,yes,10.3389/fmicb.2022.845500,CPS,unknown,IPR011050;IPR012334
MZ593174.1,QYC50642.1,Acinetobacter pittii phage vB_Api_3043-K38,yes,10.3390/antibiotics10111304,CPS,K38,
MW655991.1,QUU29414.1,Klebsiella phage RAD2,yes,10.1128/spectrum.01023-21,CPS,KL2,IPR011050
NC_004831.2,NP_853609,Salmonella virus SP6,yes,10.1016/j.virol.2017.02.025,LPS,B/D,IPR011050;IPR012332;IPR015331
NC_004831.2,NP_853610,Salmonella virus SP6,yes,10.1016/j.virol.2017.02.025,LPS,C1/C2,
KY705409.1,ARM70447.1,Escherichia phage vB_EcoM_ECOO78,yes,10.3389/fmicb.2017.01460,CPS,unknown,IPR040775
NC_023570.1,YP_009006536,Acinetobacter phage Petty,yes,10.1128/jvi.01064-17,CPS,unknown,IPR011050;IPR012334
NC_028760.1,YP_009195374,Klebsiella phage KLPN1,yes,10.7717/peerj.1061,CPS,unknown,IPR014918
NC_028760.1,YP_009195375,Klebsiella phage KLPN1,yes,10.7717/peerj.1061,CPS,unknown,IPR014918
KY389315.1,APZ82804.1,Klebsiella phage K5-2,yes,10.1038/s41598-017-04644-2,CPS,KL30,IPR005604;IPR011050;IPR012334
KY389315.1,APZ82805.1,Klebsiella phage K5-2,yes,10.1038/s41598-017-04644-2,CPS,KL5,IPR012334
KY389316.1,APZ82847.1,Klebsiella phage K5-4,yes,10.1038/s41598-017-04644-2,CPS,KL8,IPR005604;IPR011050
KY389316.1,APZ82848.1,Klebsiella phage K5-4,yes,10.1038/s41598-017-04644-2,CPS,KL5,IPR011050;IPR012334
NC_022343.1,YP_008532047.1,Klebsiella virus 0507KN21,yes,10.1371/journal.pone.0070092,CPS,KL102,IPR030392;IPR036388
MW345241.1,QQO97001,Acinetobacter phage vB_AbaP_APK26,yes,10.1016/j.ijbiomac.2021.09.073,CPS,K26,
NC_013649.2,YP_003347651.1,Klebsiella phage KP34,yes,10.1038/s41598-020-77198-5,CPS,KL63,
MG835568.1,AUV61507.1,Klebsiella phage SH-Kp 152410,yes,10.1007/s11262-021-01847-8,CPS,KL64,IPR005604;IPR008635;IPR011049;IPR040775
MT966872.1,QOV05454.1,Klebsiella phage P510,yes,10.1007/s11262-021-01847-8,CPS,KL64,IPR005604;IPR008635;IPR011049;IPR040775
AB716666.1,BAP15746,Klebsiella phage NTUH-K2044-K1-1,yes,10.1093/infdis/jiu332,CPS,KL1,IPR011050;IPR012334
NC_007637.1,YP_425013,Escherichia phage K1E,yes,10.3389/fmicb.2017.02257,CPS,K1,IPR023346;IPR023347
NC_007636.1,YP_424959.1,Escherichia phage K1F,yes,10.3389/fmicb.2017.02257,CPS,K1,
Y10025.2,CAA71133,Escherichia phage K5,yes,10.3389/fmicb.2017.02257,CPS,K5,IPR011050;IPR012334;IPR030392;IPR036388
KT804908.2,ALJ97635,Acinetobacter phage IME-200,yes,10.7717/peerj.6173,CPS,unknown,IPR011050;IPR012334
KU183006.1,ALT58497.1,Klebsiella phage vB_KpnP_IME205,yes,10.3389/fmicb.2020.00218,CPS,KL47,IPR005604;IPR006626;IPR011050;IPR012334;IPR022441;IPR039448
KU183006.1,ALT58498.1,Klebsiella phage vB_KpnP_IME205,yes,10.3389/fmicb.2020.00218,CPS,KL47,
NC_029099.1,YP_009226010.1,Klebsiella phage KP36,yes,10.3390/v8120324,CPS,KL63,IPR013783;IPR015406;IPR032876;IPR036116
NC_029099.1,YP_009226011.1,Klebsiella phage KP36,yes,10.3390/v8120324,CPS,unknown,IPR011050
NC_013647.1,YP_003347555.1,Klebsiella phage KP32,yes,10.3389/fmicb.2018.02517,CPS,KL3,IPR005604;IPR011049;IPR011050;IPR012334;IPR030392;IPR044914
NC_013647.1,YP_003347556.1,Klebsiella phage KP32,yes,10.3389/fmicb.2018.02517,CPS,KL21,IPR011050;IPR012334
MF788075.1,ATG86239,Pseudomonas aeruginosa phage IME180 ,yes,10.1007/s11262-019-01660-4,EPS,unknown,IPR011050;IPR012334;IPR024535
MF033347.1,ASN73353,Acinetobacter phage vB_AbaP_B1,yes,10.1111/1462-2920.13970,CPS,K9,IPR011050
MF033349.1,ASN73455,Acinetobacter phage vB_AbaP_B5,yes,10.1111/1462-2920.13970,CPS,K9,
MF033350.1,ASN73504,Acinetobacter phage vB_ApiP_P1,yes,10.1111/1462-2920.13970,CPS,K1,
MF033351.1,ASN73558,Acinetobacter phage vB_ApiP_P2,yes,10.1111/1462-2920.13970,CPS,unknown,IPR006626;IPR011050;IPR012334;IPR039448
MH133207.1,AWD93192,Acinetobacter phage vB_AbaM_B9,yes,10.1128/jvi.01163-18,CPS,unknown,
MF033348.1,ASN73401,Acinetobacter phage vB_AbaP_B3,yes,10.1128/AEM.00934-19,CPS,K2,IPR011050;IPR012334;IPR024535
NC_009936.1,YP_001522890,Pseudomonas phage LKA1,yes,10.1038/s41598-017-16411-4,LPS,unknown,IPR005604;IPR006626;IPR011050;IPR012334
LC413193.1,BBF66844,Klebsiella phage KN1-1,yes,10.1111/1751-7915.13370,CPS,KL101,IPR005604
LC413194.1,BBF66867.1,Klebsiella phage KN3-1,yes,10.1111/1751-7915.13370,CPS,KL103,IPR005604;IPR011050;IPR012334;IPR024535
LC413194.1,BBF66868.1,Klebsiella phage KN3-1,yes,10.1111/1751-7915.13370,CPS,KL56,
LC413195.1,BBF66888,Klebsiella phage KN4-1,yes,10.1111/1751-7915.13370,CPS,KL104,IPR005604
AB897757.1,BAQ02841,Klebsiella phage K64-1,yes,10.1128/jvi.02457-16,CPS,KL1,IPR006626;IPR011050;IPR012334;IPR039448
AB897757.1,BAQ02837,Klebsiella phage K64-1,yes,10.1128/jvi.02457-16,CPS,KL11,IPR011050
AB897757.1,BAQ02836,Klebsiella phage K64-1,yes,10.1128/jvi.02457-16,CPS,KL21,IPR011050
AB897757.1,BAQ02839,Klebsiella phage K64-1,yes,10.1128/jvi.02457-16,CPS,KL25,IPR011050;IPR012334;IPR039448
AB897757.1,BAQ02843,Klebsiella phage K64-1,yes,10.1128/jvi.02457-16,CPS,KL30,IPR011050;IPR012334
AB897757.1,BAQ02840,Klebsiella phage K64-1,yes,10.1128/jvi.02457-16,CPS,KL35,IPR030392;IPR036388
AB897757.1,BAQ02842,Klebsiella phage K64-1,yes,10.1128/jvi.02457-16,CPS,KL64,
AB897757.1,BAQ02835,Klebsiella phage K64-1,yes,10.1128/jvi.02457-16,CPS,KL104,
AB897757.1,BAQ02838,Klebsiella phage K64-1,yes,10.1128/jvi.02457-16,CPS,KL105,IPR011050;IPR012334
MW286156.1,QQM15523.1,Escherichia phage vB_EcoS-BECP10,yes,10.1007/s12275-021-1413-0,LPS,O157,IPR006626;IPR011050;IPR012334;IPR040775
MW672037.1,QTP95996.1,Klebsiella phage B1,yes,10.3390/microorganisms9030650,CPS,KL2,
JN593240.1,AEM91897,Escherichia virus CBA120,yes,10.1016/j.jmb.2019.07.022,LPS,O157,
JN593240.1,AEM91898,Escherichia virus CBA120,yes,10.1016/j.jmb.2019.07.022,LPS,O77,IPR007742;IPR011050;IPR012334;IPR040775
JN593240.1,AEM91899,Escherichia virus CBA120,yes,10.1016/j.jmb.2019.07.022,LPS,O78,IPR040775
JN593240.1,AEM91896,Escherichia virus CBA120,yes,10.1016/j.jmb.2019.07.022,LPS,unknown,IPR012334;IPR040775
MN807295.1,QHS01530.1,Acinetobacter phage APK116,yes,10.1128/jvi.01714-20,CPS,K116,
MK257719.1,AZU99242.1,Acinetobacter phage APK2,yes,10.1128/jvi.01714-20,CPS,K2/K93,IPR011050;IPR012334
MK257722.1,AZU99395.1,Acinetobacter phage APK32,yes,10.1128/jvi.01714-20,CPS,K32,
MK257723.1,AZU99445.1,Acinetobacter phage APK37,yes,10.1128/jvi.01714-20,CPS,K37,IPR011050;IPR012334;IPR024535
MN604238.1,QGK90444.1,Acinetobacter phage APK44,yes,10.1128/jvi.01714-20,CPS,K44,IPR011050
MN294712.1,QFG06960.1,Acinetobacter phage APK48,yes,10.1128/jvi.01714-20,CPS,K48,
MN604239.1,QGK90498.1,Acinetobacter phage APK87,yes,10.1128/jvi.01714-20,CPS,K87,IPR011050
MN651570.1,QGK90394.1,Acinetobacter phage APK89,yes,10.1128/jvi.01714-20,CPS,K89,IPR011050;IPR012334
NC_041914.1,YP_009599229.1,Acinetobacter phage vb_AbaP_AS12,yes,10.1134/S0006297920050053,CPS,K27,IPR030392;IPR036388
MZ643249.1,QYC51789.1,Proteus phage vB_PmiS_PM-CJR,yes,10.3390/microorganisms9102172,unknown,unknown,
NC_031086.1,YP_009288671,Acinetobacter phage phiAB6,yes,10.3390/antibiotics10030279,CPS,K2,IPR011050;IPR012334;IPR024535
KU886224.1,ANH51857,Erwinia phage vB_EamM_RAY,yes,10.3389/fmicb.2019.01533,EPS,unknown,
KT964103.1,ALO80736,Klebsiella phage KpV41,yes,10.1016/j.virusres.2017.09.026,CPS,KL1,IPR005604
KU666550.1,AMQ66478.1,Klebsiella phage KpV71,yes,10.1016/j.virusres.2017.09.026,CPS,KL1,IPR011050;IPR012334
KY385423.1,APZ82768.1,Klebsiella phage vB_KpnP_KpV74,yes,10.1016/j.virusres.2017.09.026,CPS,KL2,
NC_031246.1,YP_009302756.1,Klebsiella phage KpV71,yes,10.1016/j.virusres.2017.09.026,CPS,KL1,IPR011050;IPR012334
MF663761.1,ATI16495.1,Klebsiella phage vB_KpnM_KpV79,yes,10.3390/antibiotics9110732,CPS,KL57,IPR011050;IPR012334
KX712070.1,AOZ65519.1,Klebsiella phage vB_KpnP_KpV767,yes,10.3390/antibiotics9110732,CPS,KL57,IPR005604;IPR008635;IPR011049;IPR011050;IPR012334
MH587638.1,AXE28435,Klebsiella phage vB_KpnP_IME321,yes,10.1016/j.resmic.2019.01.003,CPS,KL101,IPR005604
MH853786.1,AYP68900.1,Acinetobacter Phage vB_AbaM_IME285,yes,10.3389/fmicb.2020.01407,CPS,KL9,
MK903728.1,QDF14644.1,Klebsiella phage SH-KP152226,yes,10.3389/fmicb.2019.02768,CPS,KL47,IPR005604;IPR006626;IPR011049;IPR011050;IPR012334;IPR022441;IPR039448
MT966873.1,QOV05502.1,Klebsiella phage P560,yes,10.1016/j.virs.2022.04.005,CPS,KL47,
MN433707.1,QGF20174.1,Acinetobacter phage vB_AbaP_PMK34,yes,10.3390/antibiotics11050677,CPS,K2,IPR011050;IPR012334;IPR024535
JQ513383.1,AFA44802.1,Klebsiella phage vB_KleM-RaK2,yes,10.1016/j.virusres.2023.199225,CPS,KL54,IPR011050
MZ868724.1,UAW09804,Acinetobacter phage APK09,yes,10.3390/ijms24109100,CPS,K9,IPR011050
MK089780.1,AYR04394,Acinetobacter phage vB_AbaP_APK14,yes,10.3390/ijms24109100,CPS,K14,IPR011050;IPR012334
MZ868725.1,UAW09859,Acinetobacter phage APK16,yes,10.3390/ijms24109100,CPS,K16,
MZ967493.1,UAW07728,Acinetobacter phage APK37.1,yes,10.3390/ijms24109100,CPS,K37/K3-v1,IPR011050;IPR012334;IPR024535
MZ936314.1,UAW09972,Acinetobacter phage APK86,yes,10.3390/ijms24109100,CPS,K86,IPR011050
ON210142.1,URQ05189,Acinetobacter phage APK127v,yes,10.3390/ijms24109100,CPS,K127,
MW459163.1,QVD48888,Acinetobacter phage vB_AbaP_APK128,yes,10.3390/ijms24109100,CPS,K128,
MW239157.1,QQM14281.1,Klebsiella phage vB_KpnM_17-11,yes,10.3389/fcimb.2022.897531,CPS,KL19,IPR030392
GWHBGZN01000000,GWHBGZN01000000,Klebsiella phage P6570,yes,10.3389/fmicb.2022.878800,CPS,KL19,IPR005604;IPR011050;IPR012334;IPR024535;IPR040775
NC_041918.2,YP_009600071,Geobacillus phage TP-84,yes,10.1186/s12934-023-02086-2,CPS,unknown,IPR017853
CP008706.1,AKA30338,Acinetobacter baumannii strain AB5075-UW,yes,10.3390/ijms23094971,CPS,K1,IPR022225
CP021347.1,KMV24774,Acinetobacter baumannii strain B8300,yes,10.3390/ijms23094971,CPS,K92,
MW722080.1,QTH79846.1,Klebsiella phage vB_KpnP_ZX1,yes,10.3390/pharmaceutics14091916,CPS,KL57,IPR011050;IPR012334
MZ826764.1,UCR74082.1,Klebsiella virus vB_KpnM-20,yes,10.1186/s12929-023-00928-0,CPS,KL7,IPR030392;IPR036388
MZ826764.1,UCR74083.1,Klebsiella virus vB_KpnM-20,yes,10.1186/s12929-023-00928-0,CPS,KL27,IPR030392;IPR036388
MZ826764.1,UCR74085.1,Klebsiella virus vB_KpnM-20,yes,10.1186/s12929-023-00928-0,CPS,KL20,
MT514532.1,QMS41898.1,Bacillus phage Bolokhovo,yes,10.3390/ijms232112988,unknown,unknown,IPR006626;IPR011050;IPR012334;IPR024535;IPR039448
MT422786.1,QKN88219.1,Bacillus phage Novomoskovsk,yes,10.3390/ijms232112988,unknown,unknown,IPR006626;IPR011050;IPR012334;IPR022441;IPR039448
ON602732.1,UVX29673.1,Klebsiella phage VLCpiA1a,no,10.1016/j.celrep.2023.112048,CPS,KL151,IPR011050;IPR012334
ON602752.1,UVX31240.1,Klebsiella phage VLCpiA1b,no,10.1016/j.celrep.2023.112048,CPS,KL157,
ON602748.1,UVX30914.1,Klebsiella phage VLCpiA1c,no,10.1016/j.celrep.2023.112048,CPS,KL1,IPR006626;IPR011050;IPR012334
ON602762.1,UVX31810.1,Klebsiella phage VLCpiA1d,no,10.1016/j.celrep.2023.112048,CPS,KL20,IPR005604
ON602757.1,UVX31465.1,Klebsiella phage VLCpiA1e,no,10.1016/j.celrep.2023.112048,CPS,unknown,
ON602756.1,UVX31408.1,Klebsiella phage VLCpiA1f,no,10.1016/j.celrep.2023.112048,CPS,unknown,
ON602761.1,UVX31801.1,Klebsiella phage VLCpiA1g,no,10.1016/j.celrep.2023.112048,CPS,KL16,IPR006626;IPR007742;IPR011050;IPR012334;IPR024535
ON602743.1,UVX30545.1,Klebsiella phage VLCpiA1h,no,10.1016/j.celrep.2023.112048,CPS,KL2/KL13,
ON602767.1,UVX32120.1,Klebsiella phage VLCpiA1i,no,10.1016/j.celrep.2023.112048,CPS,KL126,IPR011050
ON602767.1,UVX32112.1,Klebsiella phage VLCpiA1i,no,10.1016/j.celrep.2023.112048,CPS,unknown,IPR005604;IPR011050
ON602739.1,UVX30300.1,Klebsiella phage VLCpiA1k,no,10.1016/j.celrep.2023.112048,CPS,KL22/KL37,IPR005604;IPR012334
ON602740.1,UVX30400.1,Klebsiella phage VLCpiA1l,no,10.1016/j.celrep.2023.112048,CPS,KL22/KL37,
ON602727.1,UVX29211.1,Klebsiella phage VLCpiA1m,no,10.1016/j.celrep.2023.112048,CPS,KL22/KL37,IPR005604;IPR012334
ON602724.1,UVX29037.1,Klebsiella phage VLCpiA1o,no,10.1016/j.celrep.2023.112048,CPS,KL22/KL37,IPR005604;IPR012334
ON602726.1,UVX29122.1,Klebsiella phage VLCpiA1q,no,10.1016/j.celrep.2023.112048,CPS,unknown,IPR005604;IPR012334
ON602726.1,UVX29112.1,Klebsiella phage VLCpiA1q,no,10.1016/j.celrep.2023.112048,CPS,KL22/KL37,
ON602725.1,UVX29055.1,Klebsiella phage VLCpiA1r,no,10.1016/j.celrep.2023.112048,CPS,KL22/KL37,IPR005604;IPR012334
ON602763.1,UVX31903.1,Klebsiella phage VLCpiA2a,no,10.1016/j.celrep.2023.112048,CPS,KL126,
ON602764.1,UVX31929.1,Klebsiella phage VLCpiA2a,no,10.1016/j.celrep.2023.112048,CPS,KL126,
ON602765.1,UVX31968.1,Klebsiella phage VLCpiA2b,no,10.1016/j.celrep.2023.112048,CPS,KL126,
ON602733.1,UVX29715.1,Klebsiella phage VLCpiA3a,no,10.1016/j.celrep.2023.112048,CPS,unknown,IPR005604;IPR011049;IPR011050
ON602742.1,UVX30497.1,Klebsiella phage VLCpiA3b,no,10.1016/j.celrep.2023.112048,CPS,KL30,IPR005604;IPR011050;IPR012334
ON602755.1,UVX31391.1,Klebsiella phage VLCpiA3c,no,10.1016/j.celrep.2023.112048,CPS,unknown,IPR005604;IPR011050
ON602755.1,UVX31392.1,Klebsiella phage VLCpiA3c,no,10.1016/j.celrep.2023.112048,CPS,KL61,IPR011050;IPR012334
ON602753.1,UVX31290.1,Klebsiella phage VLCpiA3d,no,10.1016/j.celrep.2023.112048,CPS,unknown,IPR005604;IPR006626;IPR011050;IPR012334
ON602753.1,UVX31291.1,Klebsiella phage VLCpiA3d,no,10.1016/j.celrep.2023.112048,CPS,KL61,IPR011050;IPR012334
ON602750.1,UVX31064.1,Klebsiella phage VLCpiD7b,no,10.1016/j.celrep.2023.112048,CPS,unknown,
ON602735.1,UVX29830.1,Klebsiella phage VLCpiD7c,no,10.1016/j.celrep.2023.112048,CPS,unknown,
ON602758.1,UVX31542.1,Klebsiella phage VLCpiM12a,no,10.1016/j.celrep.2023.112048,CPS,KL139,
ON602736.1,UVX30045.1,Klebsiella phage VLCpiM5a,no,10.1016/j.celrep.2023.112048,CPS,unknown,
ON602736.1,UVX30046.1,Klebsiella phage VLCpiM5a,no,10.1016/j.celrep.2023.112048,CPS,unknown,IPR040775
ON602729.1,UVX29360.1,Klebsiella phage VLCpiM5b,no,10.1016/j.celrep.2023.112048,CPS,KL22/KL37,IPR012334
ON602749.1,UVX30943.1,Klebsiella phage VLCpiP4a,no,10.1016/j.celrep.2023.112048,CPS,KL140,
ON602749.1,UVX30945.1,Klebsiella phage VLCpiP4a,no,10.1016/j.celrep.2023.112048,CPS,KL140,IPR030392;IPR036388
ON602751.1,UVX31118.1,Klebsiella phage VLCpiP4b,no,10.1016/j.celrep.2023.112048,CPS,KL140,IPR030392;IPR036388
ON602751.1,UVX31120.1,Klebsiella phage VLCpiP4b,no,10.1016/j.celrep.2023.112048,CPS,KL140,
ON602746.1,UVX30809.1,Klebsiella phage VLCpiS10a,no,10.1016/j.celrep.2023.112048,CPS,KL24/KL25,
ON602745.1,UVX30692.1,Klebsiella phage VLCpiS11a,no,10.1016/j.celrep.2023.112048,CPS,KL24/KL25,
ON602738.1,UVX30242.1,Klebsiella phage VLCpiS13a,no,10.1016/j.celrep.2023.112048,CPS,KL102/KL149,IPR030392;IPR036388
ON602744.1,UVX30633.1,Klebsiella phage VLCpiS13b,no,10.1016/j.celrep.2023.112048,CPS,KL63,
ON602737.1,UVX30183.1,Klebsiella phage VLCpiS13c,no,10.1016/j.celrep.2023.112048,CPS,KL102/KL149,IPR030392;IPR036388
ON602760.1,UVX31720.1,Klebsiella phage VLCpiS13d,no,10.1016/j.celrep.2023.112048,CPS,KL14,
ON602759.1,UVX31607.1,Klebsiella phage VLCpiS13e,no,10.1016/j.celrep.2023.112048,CPS,unknown,
NC_015719.1,YP_004678763.1,Escherichia phage K30,yes,10.3389/fmicb.2017.02257,CPS,K30,IPR013830;IPR036514
MT944117.1,QPI13004.1,Escherichia phage PNJ1809-36,yes,10.1128/jvi.00920-21,CPS,K1,IPR001724;IPR023366;IPR024427;IPR024428;IPR024429;IPR024430;IPR030392;IPR036278;IPR044914
NC_028786.1,YP_009197879.1,Klebsiella phage 1513,no,10.3389/fmicb.2019.02649,unknown,unknown,IPR011050;IPR012334
MF285615.1,ASZ78308.1,Klebsiella phage 2044-307w,no,10.3389/fmicb.2019.02649,unknown,unknown,IPR013830;IPR036514
MF612071.1,ASV44946.1,Klebsiella phage AltoGao,no,10.3389/fmicb.2019.02649,unknown,unknown,
NC_023567.2,YP_009006074.1,Klebsiella phage F19,no,10.3389/fmicb.2019.02649,unknown,unknown,
MG552615.1,AUE22051.1,Klebsiella phage GML-KpCol1,no,10.3389/fmicb.2019.02649,unknown,unknown,IPR030392;IPR036388
NC_020204.1,YP_007392887.1,Klebsiella phage JD001,no,10.3389/fmicb.2019.02649,unknown,unknown,IPR011050;IPR012334;IPR040775
NC_011043.1,YP_002003830.1,Klebsiella phage K11,no,10.3389/fmicb.2019.02649,unknown,unknown,IPR005604;IPR011050
NC_011043.1,YP_002003831.1,Klebsiella phage K11,no,10.3389/fmicb.2019.02649,unknown,unknown,IPR011050
NC_028800.1,YP_009198668.1,Klebsiella phage K5,no,10.3389/fmicb.2019.02649,unknown,unknown,IPR000743;IPR005604;IPR011050;IPR012334
NC_028800.1,YP_009198669.1,Klebsiella phage K5,no,10.3389/fmicb.2019.02649,unknown,unknown,IPR011050;IPR012334
NC_027399.1,YP_009153204.1,Klebsiella phage K64-1,no,10.3389/fmicb.2019.02649,unknown,unknown,
NC_028760.1,YP_009195383.1,Klebsiella phage KLPN1,no,10.3389/fmicb.2019.02649,unknown,unknown,IPR008979
KY780482.1,ARM70347.1,Klebsiella phage KOX1,no,10.3389/fmicb.2019.02649,unknown,unknown,IPR011050;IPR012334
NC_028664.1,YP_009188367.1,Klebsiella phage Kp2,no,10.3389/fmicb.2019.02649,unknown,unknown,IPR011050;IPR012334
NC_028670.1,YP_009188797.1,Klebsiella phage KpV41,no,10.3389/fmicb.2019.02649,unknown,unknown,IPR011050;IPR012334
NC_031025.1,YP_009280720.1,Klebsiella phage KpV475,no,10.3389/fmicb.2019.02649,unknown,unknown,IPR012334
KY000081.1,APD20657.1,Klebsiella phage KPV811,no,10.3389/fmicb.2019.02649,unknown,unknown,IPR011050;IPR012334;IPR024535
MG428991.1,AUG87958.1,Klebsiella phage May,no,10.3389/fmicb.2019.02649,unknown,unknown,IPR030392;IPR036388
MG428991.1,AUG87959.1,Klebsiella phage May,no,10.3389/fmicb.2019.02649,unknown,unknown,IPR030392;IPR036388
MG428991.1,AUG87960.1,Klebsiella phage May,no,10.3389/fmicb.2019.02649,unknown,unknown,
MG428991.1,AUG87962.1,Klebsiella phage May,no,10.3389/fmicb.2019.02649,unknown,unknown,
MG428991.1,AUG87963.1,Klebsiella phage May,no,10.3389/fmicb.2019.02649,unknown,unknown,IPR023366;IPR032096
MG428990.1,AUG87748.1,Klebsiella phage Menlow,no,10.3389/fmicb.2019.02649,unknown,unknown,IPR012334
MG428990.1,AUG87749.1,Klebsiella phage Menlow,no,10.3389/fmicb.2019.02649,unknown,unknown,IPR011050;IPR012334
MG428990.1,AUG87751.1,Klebsiella phage Menlow,no,10.3389/fmicb.2019.02649,unknown,unknown,
MG428990.1,AUG87753.1,Klebsiella phage Menlow,no,10.3389/fmicb.2019.02649,unknown,unknown,
MG428990.1,AUG87754.1,Klebsiella phage Menlow,no,10.3389/fmicb.2019.02649,unknown,unknown,IPR023366;IPR032096
MF612072.1,ASV44964.1,Klebsiella phage MezzoGao,no,10.3389/fmicb.2019.02649,unknown,unknown,IPR030392;IPR036388
MH445453.1,AXF39389.1,Klebsiella phage NJS1,no,10.3389/fmicb.2019.02649,unknown,unknown,IPR030392;IPR036388
KM576124.1,AIT13628.1,Klebsiella phage phiBO1E,no,10.3389/fmicb.2019.02649,unknown,unknown,IPR011050;IPR012334
KX587949.2,AWK24039.1,Klebsiella phage phiKpS2,no,10.3389/fmicb.2019.02649,unknown,unknown,IPR005604;IPR006626;IPR011050;IPR012334
KX587949.2,AWK24047.1,Klebsiella phage phiKpS2,no,10.3389/fmicb.2019.02649,unknown,unknown,
NC_031053.1,YP_009284923.1,Klebsiella phage PKP126,no,10.3389/fmicb.2019.02649,unknown,unknown,IPR036514
NC_031053.1,YP_009284924.1,Klebsiella phage PKP126,no,10.3389/fmicb.2019.02649,unknown,unknown,
NC_028774.1,YP_009196676.1,Klebsiella phage Sushi,no,10.3389/fmicb.2019.02649,unknown,unknown,IPR030392
NC_019526.1,YP_007007682.1,Klebsiella phage vB_KleM_RaK2,no,10.3389/fmicb.2019.02649,unknown,unknown,
NC_019526.1,YP_007007683.1,Klebsiella phage vB_KleM_RaK2,no,10.3389/fmicb.2019.02649,unknown,unknown,
NC_019526.1,YP_007007684.1,Klebsiella phage vB_KleM_RaK2,no,10.3389/fmicb.2019.02649,unknown,unknown,IPR011050;IPR012334;IPR039448
NC_019526.1,YP_007007685.1,Klebsiella phage vB_KleM_RaK2,no,10.3389/fmicb.2019.02649,unknown,unknown,IPR030392;IPR036388
NC_019526.1,YP_007007686.1,Klebsiella phage vB_KleM_RaK2,no,10.3389/fmicb.2019.02649,unknown,unknown,IPR011050
NC_019526.1,YP_007007687.1,Klebsiella phage vB_KleM_RaK2,no,10.3389/fmicb.2019.02649,unknown,unknown,IPR011050
NC_019526.1,YP_007007688.1,Klebsiella phage vB_KleM_RaK2,no,10.3389/fmicb.2019.02649,unknown,unknown,IPR006626;IPR011050;IPR012334
NC_019526.1,YP_007007689.1,Klebsiella phage vB_KleM_RaK2,no,10.3389/fmicb.2019.02649,unknown,unknown,
NC_028688.1,YP_009190948.1,Klebsiella phage vB_Kp1,no,10.3389/fmicb.2019.02649,unknown,unknown,
MG770379.1,AUV59229.1,Klebsiella phage vB_KpnM_KpS110,no,10.3389/fmicb.2019.02649,unknown,unknown,IPR011050;IPR012334
MG770379.1,AUV59230.1,Klebsiella phage vB_KpnM_KpS110,no,10.3389/fmicb.2019.02649,unknown,unknown,
MG770379.1,AUV59232.1,Klebsiella phage vB_KpnM_KpS110,no,10.3389/fmicb.2019.02649,unknown,unknown,IPR011050
MG770379.1,AUV59234.1,Klebsiella phage vB_KpnM_KpS110,no,10.3389/fmicb.2019.02649,unknown,unknown,IPR011050;IPR012334
MG770379.1,AUV59236.1,Klebsiella phage vB_KpnM_KpS110,no,10.3389/fmicb.2019.02649,unknown,unknown,IPR023366;IPR032096
KX237516.1,AOZ65386.1,Klebsiella phage vB_KpnM_KpV52,no,10.3389/fmicb.2019.02649,unknown,unknown,IPR011050
KX237516.1,AOZ65389.1,Klebsiella phage vB_KpnM_KpV52,no,10.3389/fmicb.2019.02649,unknown,unknown,
MF663761.1,ATI16499.1,Klebsiella phage vB_KpnM_KpV79,no,10.3389/fmicb.2019.02649,unknown,unknown,
KY652725.1,ARB12500.1,Klebsiella phage vB_KpnP_BIS33,no,10.3389/fmicb.2019.02649,unknown,unknown,IPR005604;IPR030392;IPR036388;IPR044914
KY652724.1,ARB12452.1,Klebsiella phage vB_KpnP_IL33,no,10.3389/fmicb.2019.02649,unknown,unknown,IPR005604;IPR030392;IPR036388;IPR044914
NC_028977.1,YP_009215498.1,Klebsiella phage vB_KpnP_KpV289,no,10.3389/fmicb.2019.02649,unknown,unknown,IPR005604
NC_028977.1,YP_009215499.1,Klebsiella phage vB_KpnP_KpV289,no,10.3389/fmicb.2019.02649,unknown,unknown,IPR013830;IPR036514
KX237514.1,AOZ65265.1,Klebsiella phage vB_KpnP_KpV48,no,10.3389/fmicb.2019.02649,unknown,unknown,
KX591654.1,AOT28172.1,Klebsiella phage vB_KpnP_KpV763,no,10.3389/fmicb.2019.02649,unknown,unknown,IPR005604;IPR011050;IPR012334
KX591654.1,AOT28173.1,Klebsiella phage vB_KpnP_KpV763,no,10.3389/fmicb.2019.02649,unknown,unknown,IPR008979
KX712071.1,AOZ65569.1,Klebsiella phage vB_KpnP_KpV766,no,10.3389/fmicb.2019.02649,unknown,unknown,IPR005604
KX712071.1,AOZ65570.1,Klebsiella phage vB_KpnP_KpV766,no,10.3389/fmicb.2019.02649,unknown,unknown,IPR013830;IPR036514
KY652723.1,ARB12406.1,Klebsiella phage vB_KpnP_PRA33,no,10.3389/fmicb.2019.02649,unknown,unknown,IPR005604;IPR030392;IPR036388;IPR044914
NC_028816.1,YP_009199937.1,Klebsiella phage vB_KpnP_SU503,no,10.3389/fmicb.2019.02649,unknown,unknown,IPR011050;IPR012334
NC_028870.1,YP_009204835.1,Klebsiella phage vB_KpnP_SU552A,no,10.3389/fmicb.2019.02649,unknown,unknown,IPR005604
NC_028870.1,YP_009204843.1,Klebsiella phage vB_KpnP_SU552A,no,10.3389/fmicb.2019.02649,unknown,unknown,IPR011050;IPR012334;IPR024535
KX237515.1,AOZ65310.1,Klebsiella phage vB_KpnS_KpV522,no,10.3389/fmicb.2019.02649,unknown,unknown,IPR013830;IPR036514
NC_022343.1,YP_008532048.1,Klebsiella virus 0507KN21,no,10.3389/fmicb.2019.02649,unknown,unknown,
NC_022343.1,YP_008532049.1,Klebsiella virus 0507KN21,no,10.3389/fmicb.2019.02649,unknown,unknown,
NC_022343.1,YP_008532050.1,Klebsiella virus 0507KN21,no,10.3389/fmicb.2019.02649,unknown,unknown,IPR011050;IPR012334
NC_022343.1,YP_008532051.1,Klebsiella virus 0507KN21,no,10.3389/fmicb.2019.02649,unknown,unknown,IPR023366;IPR032096
MH172261.1,AWN07083.1,Klebsiella phage KP32_isolate 192,no,10.3389/fmicb.2019.02649,unknown,unknown,IPR005604;IPR011050;IPR012334
MH172261.1,AWN07084.1,Klebsiella phage KP32_isolate 192,no,10.3389/fmicb.2019.02649,unknown,unknown,IPR008979
MH172262.1,AWN07125.1,Klebsiella phage KP32_isolate 194,no,10.3389/fmicb.2019.02649,unknown,unknown,IPR005604;IPR011050;IPR012334
MH172262.1,AWN07126.1,Klebsiella phage KP32_isolate 194,no,10.3389/fmicb.2019.02649,unknown,unknown,IPR008979
MH172263.1,AWN07172.1,Klebsiella phage KP32_isolate 195,no,10.3389/fmicb.2019.02649,unknown,unknown,IPR005604;IPR008635;IPR011049;IPR040775
MH172264.1,AWN07213.1,Klebsiella phage KP32_isolate 196,no,10.3389/fmicb.2019.02649,unknown,unknown,IPR005604
MH172264.1,AWN07214.1,Klebsiella phage KP32_isolate 196,no,10.3389/fmicb.2019.02649,unknown,unknown,IPR011050;IPR012334
MF415412.1,ASW27458.1,Klebsiella phage KPN N141,no,10.3389/fmicb.2019.02649,unknown,unknown,IPR030392;IPR036388
NC_004165.1,NP_690646.1,Bacillus phage B103,no,10.1007/s00253-015-7247-0,unknown,unknown,
NC_018856.1,YP_006907302.1,Bacillus phage Bastille,no,10.1007/s00253-015-7247-0,unknown,unknown,IPR011050;IPR012334
NC_024137.1,YP_009031349.1,Bacillus phage Bcp1,no,10.1007/s00253-015-7247-0,unknown,unknown,IPR011050;IPR012334
KF669647.1,AGY46593.1,Bacillus phage BigBertha,no,10.1007/s00253-015-7247-0,unknown,unknown,IPR006626;IPR011050;IPR012334
NC_024792.1,YP_009056510.1,Bacillus phage Bobb,no,10.1007/s00253-015-7247-0,unknown,unknown,IPR008585;IPR038128
NC_023501.1,YP_009003154.1,Bacillus phage BPS10C,no,10.1007/s00253-015-7247-0,unknown,unknown,IPR011050;IPR012334
NC_018857.1,YP_006907824.1,Bacillus phage BPS13,no,10.1007/s00253-015-7247-0,unknown,unknown,IPR011050;IPR012334
NC_024216.1,YP_009036975.1,Bacillus phage CAM003,no,10.1007/s00253-015-7247-0,unknown,unknown,IPR011050;IPR012334
KF669649.1,AGY46940.1,Bacillus phage CampHawk,no,10.1007/s00253-015-7247-0,unknown,unknown,IPR011049;IPR030392;IPR036388
KF669649.1,AGY46975.1,Bacillus phage CampHawk,no,10.1007/s00253-015-7247-0,unknown,unknown,IPR008983;IPR011050;IPR012334
KF669649.1,AGY46977.1,Bacillus phage CampHawk,no,10.1007/s00253-015-7247-0,unknown,unknown,IPR006626;IPR011050;IPR012334;IPR022441;IPR024535;IPR039448
KF669649.1,AGY46980.1,Bacillus phage CampHawk,no,10.1007/s00253-015-7247-0,unknown,unknown,IPR006626;IPR011050;IPR012334;IPR024535;IPR039448
KC330681.1,AGE60867.1,Bacillus phage Gemini,no,10.1007/s00253-015-7247-0,unknown,unknown,IPR006626;IPR011050;IPR012334
KF669652.1,AGY47298.1,Bacillus phage Grass,no,10.1007/s00253-015-7247-0,unknown,unknown,IPR006626;IPR011050;IPR012334;IPR039448
NC_024213.1,YP_009036526.1,Bacillus phage Hakuna,no,10.1007/s00253-015-7247-0,unknown,unknown,IPR011050
NC_024205.1,YP_009035268.1,Bacillus phage Hoody T,no,10.1007/s00253-015-7247-0,unknown,unknown,IPR011050;IPR012334
NC_024211.1,YP_009036150.1,Bacillus phage Megatron,no,10.1007/s00253-015-7247-0,unknown,unknown,IPR011050
NC_021336.1,YP_008060120.1,Bacillus phage MG-B1,no,10.1007/s00253-015-7247-0,unknown,unknown,IPR000743;IPR011050;IPR012334;IPR024535
EU622808.1,ACH57080.1,Bacillus phage Nf,no,10.1007/s00253-015-7247-0,unknown,unknown,IPR006626;IPR011050;IPR012334;IPR021865;IPR024535
KF669655.1,AGY47935.1,Bacillus phage Page,no,10.1007/s00253-015-7247-0,unknown,unknown,IPR006626;IPR011050;IPR012334;IPR039448
HM072038.1,ADF59152.1,Bacillus phage phi105,no,10.1007/s00253-015-7247-0,unknown,unknown,IPR006626;IPR011050;IPR012334;IPR021865;IPR024535
NC_004167.1,NP_690774.1,Bacillus phage phi105,no,10.1007/s00253-015-7247-0,unknown,unknown,IPR006626;IPR011050;IPR012334;IPR021865;IPR024535
JX238501.3,AGB62649.1,Bacillus phage phiAGATE,no,10.1007/s00253-015-7247-0,unknown,unknown,IPR006626;IPR007742;IPR011050;IPR012334;IPR039448
NC_020081.2,YP_007349243.1,Bacillus phage phiAGATE,no,10.1007/s00253-015-7247-0,unknown,unknown,IPR008585;IPR038128
NC_021856.1,YP_008318292.1,Bacillus phage phiNIT1,no,10.1007/s00253-015-7247-0,unknown,unknown,IPR008585;IPR038128
NC_021856.1,YP_008318429.1,Bacillus phage phiNIT1,no,10.1007/s00253-015-7247-0,unknown,unknown,IPR001362;IPR013148;IPR013189;IPR013320;IPR023296
NC_020883.1,YP_007678034.1,Bacillus phage PM1,no,10.1007/s00253-015-7247-0,unknown,unknown,IPR006626;IPR011050;IPR012334;IPR039448
KF669660.1,AGY48254.1,Bacillus phage Pony,no,10.1007/s00253-015-7247-0,unknown,unknown,IPR006626;IPR011050;IPR012334;IPR039448
KF669657.1,AGY48030.1,Bacillus phage poppyseed,no,10.1007/s00253-015-7247-0,unknown,unknown,IPR006626;IPR011050;IPR012334;IPR039448
M11813.1,AAA88489.1,Bacillus phage PZA,no,10.1007/s00253-015-7247-0,unknown,unknown,IPR006626;IPR011050;IPR012334;IPR021865;IPR024535
NC_019487.1,YP_007003328.1,Bacillus phage SP-10,no,10.1007/s00253-015-7247-0,unknown,unknown,IPR001362;IPR013148;IPR013189;IPR013320;IPR023296
NC_019487.1,YP_007003341.1,Bacillus phage SP-10,no,10.1007/s00253-015-7247-0,unknown,unknown,IPR006626;IPR011050;IPR012334;IPR039448
KF669662.1,AGY48483.1,Bacillus phage Spock,no,10.1007/s00253-015-7247-0,unknown,unknown,IPR011050;IPR012334
NC_004166.2,NP_690719.1,Bacillus phage SPP1,no,10.1007/s00253-015-7247-0,unknown,unknown,IPR006626;IPR011050;IPR012334
NC_004166.2,NP_690860.1,Bacillus phage SPP1,no,10.1007/s00253-015-7247-0,unknown,unknown,IPR008585;IPR038128
KF669663.1,AGY48730.1,Bacillus phage Staley,no,10.1007/s00253-015-7247-0,unknown,unknown,IPR011050;IPR012334;IPR018913
NC_022088.2,YP_008430873.1,Bacillus phage Troll,no,10.1007/s00253-015-7247-0,unknown,unknown,IPR006626;IPR011050;IPR012334
NC_020873.1,YP_007677121.1,Bacillus phage vB_BceM_Bc431v3,no,10.1007/s00253-015-7247-0,unknown,unknown,IPR006626;IPR011050;IPR012334
NC_020478.1,YP_007517493.1,Bacillus virus Andromeda,no,10.1007/s00253-015-7247-0,unknown,unknown,IPR006626;IPR011050;IPR012334;IPR024535;IPR039448
KF669648.1,AGY46829.1,Bacillus virus Blastoid,no,10.1007/s00253-015-7247-0,unknown,unknown,IPR006626;IPR011050;IPR012334;IPR022441;IPR039448
NC_020479.1,YP_007517572.1,Bacillus virus Curly,no,10.1007/s00253-015-7247-0,unknown,unknown,IPR006626;IPR011050;IPR012334;IPR024535
NC_020477.1,YP_007517417.1,Bacillus virus Eoghan,no,10.1007/s00253-015-7247-0,unknown,unknown,IPR006626;IPR011050;IPR012334;IPR024535
NC_020480.1,YP_007517647.1,Bacillus virus Finn,no,10.1007/s00253-015-7247-0,unknown,unknown,IPR006626;IPR011050;IPR012334;IPR022441;IPR039448
NC_002649.1,NP_073695.1,Bacillus virus GA1,no,10.1007/s00253-015-7247-0,unknown,unknown,IPR030392;IPR036388;IPR044914
KF669651.1,AGY47215.1,Bacillus virus Glittering,no,10.1007/s00253-015-7247-0,unknown,unknown,IPR006626;IPR011050;IPR012334;IPR024535;IPR039448
EU771092.1,ACE96035.1,Bacillus virus phi29,no,10.1007/s00253-015-7247-0,unknown,unknown,IPR006626;IPR011050;IPR012334;IPR021865;IPR024535
KF669659.1,AGY48191.1,Bacillus virus Riggi,no,10.1007/s00253-015-7247-0,unknown,unknown,IPR006626;IPR011050;IPR012334;IPR022441;IPR039448
NC_011421.1,YP_002300374.1,Bacillus virus SPO1,no,10.1007/s00253-015-7247-0,unknown,unknown,IPR006626;IPR011050;IPR012334;IPR022441;IPR024535;IPR039448
KC330682.1,AGE60945.1,Bacillus virus Taylor,no,10.1007/s00253-015-7247-0,unknown,unknown,IPR006626;IPR011050;IPR012334;IPR024535
KC556894.1,AHB81145.1,Brucella phage Fz,no,10.1007/s00253-015-7247-0,unknown,unknown,IPR011050;IPR012334
JN939331.1,AEY69698.1,Brucella phage Tb,no,10.1007/s00253-015-7247-0,unknown,unknown,IPR011050;IPR012334
NC_005262.3,NP_944291.1,Burkholderia virus Bcep22,no,10.1007/s00253-015-7247-0,unknown,unknown,IPR011050;IPR012334
NC_019917.1,YP_007236804.1,Burkholderia virus Bcepmigl,no,10.1007/s00253-015-7247-0,unknown,unknown,IPR012334
KF301602.1,AGS80957.1,Caulobacter phage Cr30,no,10.1007/s00253-015-7247-0,unknown,unknown,IPR000514;IPR017853
NC_021802.1,YP_008242013.1,Cellulophaga phage phi10:1,no,10.1007/s00253-015-7247-0,unknown,unknown,IPR011050;IPR012334
KC821625.1,AGO49035.1,Cellulophaga phage phi13:1,no,10.1007/s00253-015-7247-0,unknown,unknown,IPR008160;IPR008979;IPR011050;IPR012334;IPR013830;IPR036514;IPR041352
KC821633.1,AGO49696.1,Cellulophaga phage phi13:2,no,10.1007/s00253-015-7247-0,unknown,unknown,IPR011050;IPR012334
KC821633.1,AGO49697.1,Cellulophaga phage phi13:2,no,10.1007/s00253-015-7247-0,unknown,unknown,IPR008979;IPR011050;IPR012334
KC821621.1,AGO48665.1,Cellulophaga phage phi19:2,no,10.1007/s00253-015-7247-0,unknown,unknown,IPR008160;IPR008979;IPR011050;IPR012334;IPR013830;IPR036514;IPR041352
NC_021789.1,YP_008240873.1,Cellulophaga phage phi19:3,no,10.1007/s00253-015-7247-0,unknown,unknown,IPR011050;IPR012334
KC821630.1,AGO49328.1,Cellulophaga phage phi3:1,no,10.1007/s00253-015-7247-0,unknown,unknown,IPR008979;IPR011050;IPR012334;IPR036514
KC821629.1,AGO49248.1,Cellulophaga phage phi38:2,no,10.1007/s00253-015-7247-0,unknown,unknown,IPR008979;IPR011050;IPR012334;IPR036514
NC_021804.1,YP_008242178.1,Cellulophaga phage phi39:1,no,10.1007/s00253-015-7247-0,unknown,unknown,IPR008979;IPR011050;IPR012334
KC821610.1,AGO47740.1,Cellulophaga phage phi3ST:2,no,10.1007/s00253-015-7247-0,unknown,unknown,IPR008979;IPR011050;IPR012334;IPR036514
NC_021792.1,YP_008241124.1,Cellulophaga phage phi46:3,no,10.1007/s00253-015-7247-0,unknown,unknown,IPR011050;IPR012334
KC821634.1,AGO49746.1,Cellulophaga phage phi47:1,no,10.1007/s00253-015-7247-0,unknown,unknown,IPR008979;IPR011050;IPR012334;IPR036514
NC_020860.1,YP_007675684.1,Cellulophaga phage phiSM,no,10.1007/s00253-015-7247-0,unknown,unknown,IPR008979;IPR011050;IPR012334;IPR036514
NC_020842.1,YP_007673458.1,Cellulophaga phage phiST,no,10.1007/s00253-015-7247-0,unknown,unknown,IPR008160;IPR008979;IPR011050;IPR012334;IPR013830;IPR036514;IPR041352
HM640230.1,ADR30483.1,Clostridium phage CpV1,no,10.1007/s00253-015-7247-0,unknown,unknown,IPR011050;IPR012334
JN800508.1,AEW47853.1,Clostridium phage phi24R,no,10.1007/s00253-015-7247-0,unknown,unknown,IPR011050;IPR012334;IPR024535
NC_017980.1,YP_006383591.1,Clostridium phage phiCP7R,no,10.1007/s00253-015-7247-0,unknown,unknown,IPR011050;IPR012334;IPR024535
NC_018083.1,YP_006488624.1,Clostridium phage phiCPV4,no,10.1007/s00253-015-7247-0,unknown,unknown,IPR011050;IPR012334;IPR024535
NC_018084.1,YP_006488654.1,Clostridium phage phiZP2,no,10.1007/s00253-015-7247-0,unknown,unknown,IPR011050;IPR012334;IPR024535
NC_019400.1,YP_006987059.1,Cronobacter phage vB_CsaM_GAP31,no,10.1007/s00253-015-7247-0,unknown,unknown,IPR040775
NC_019401.1,YP_006987233.1,Cronobacter phage vB_CsaM_GAP32,no,10.1007/s00253-015-7247-0,unknown,unknown,IPR011050
NC_020078.1,YP_007348361.1,Cronobacter phage vB_CskP_GAP227,no,10.1007/s00253-015-7247-0,unknown,unknown,IPR005604;IPR011050
NC_019485.1,YP_007003187.1,Enterobacter phage EcP1,no,10.1007/s00253-015-7247-0,unknown,unknown,IPR040775
CP000711.1,ABQ88383.1,Escherichia phage CUS-3,no,10.1007/s00253-015-7247-0,unknown,unknown,IPR001724;IPR009093;IPR012334;IPR023366;IPR024427;IPR024428;IPR024429;IPR024430;IPR030392;IPR036278;IPR036730;IPR044914
AM084414.1,CAJ29390.1,Escherichia phage K1F,no,10.1007/s00253-015-7247-0,unknown,unknown,IPR001724;IPR005604;IPR023366;IPR024427;IPR024428;IPR024429;IPR024430;IPR030392;IPR036278;IPR040775;IPR044914
NC_007456.1,YP_338127.1,Escherichia phage K1F,no,10.1007/s00253-015-7247-0,unknown,unknown,IPR001724;IPR005604;IPR023366;IPR024427;IPR024428;IPR024429;IPR024430;IPR030392;IPR036278;IPR040775;IPR044914
FR775895.2,CBY99572.1,Escherichia phage phi92,no,10.1007/s00253-015-7247-0,unknown,unknown,IPR001724;IPR023366;IPR024427;IPR024428;IPR024429;IPR024430;IPR030392;IPR036278;IPR044914
FR775895.2,CBY99579.1,Escherichia phage phi92,no,10.1007/s00253-015-7247-0,unknown,unknown,IPR006626;IPR011050;IPR012334
NC_019403.1,YP_006987816.1,Escherichia phage vB_EcoP_ACG-C91,no,10.1007/s00253-015-7247-0,unknown,unknown,IPR001724;IPR012334;IPR023366;IPR024427;IPR024428;IPR024429;IPR024430;IPR030392;IPR036278;IPR036388;IPR044914
NC_009014.1,YP_001039683.1,Erwinia amylovora phage Era103,no,10.1007/s00253-015-7247-0,unknown,unknown,IPR011050
NC_023557.1,YP_009004869.1,Erwinia phage Ea35-70,no,10.1007/s00253-015-7247-0,unknown,unknown,
NC_023579.1,YP_009007463.1,Erwinia phage Ea9-2,no,10.1007/s00253-015-7247-0,unknown,unknown,IPR011050;IPR012334
NC_016767.1,YP_005098420.1,Erwinia phage PEp14,no,10.1007/s00253-015-7247-0,unknown,unknown,IPR003644;IPR011050;IPR012334;IPR038081
FQ482086.1,CBX45113.1,Erwinia phage phiEa100,no,10.1007/s00253-015-7247-0,unknown,unknown,IPR011050
FQ482084.1,CBX44510.1,Erwinia phage phiEa1H,no,10.1007/s00253-015-7247-0,unknown,unknown,IPR011050
NC_023610.1,YP_009010167.1,Erwinia phage PhiEaH1,no,10.1007/s00253-015-7247-0,unknown,unknown,IPR011050;IPR012334
JX316028.1,AFQ96603.1,Erwinia phage phiEaH2,no,10.1007/s00253-015-7247-0,unknown,unknown,
NC_015295.1,YP_004327331.1,Erwinia phage phiEt88,no,10.1007/s00253-015-7247-0,unknown,unknown,IPR011050;IPR012334;IPR024535;IPR040775
HQ728265.1,AEJ81510.1,Erwinia phage vB_EamP-L1,no,10.1007/s00253-015-7247-0,unknown,unknown,IPR005604;IPR011050;IPR012334
JX128257.1,AFO10349.1,Escherichia phage ECML-4,no,10.1007/s00253-015-7247-0,unknown,unknown,IPR006626;IPR011050;IPR012334;IPR039448
GU196278.1,ADA82322.1,Escherichia phage K1-dep(1),no,10.1007/s00253-015-7247-0,unknown,unknown,IPR001724;IPR023366;IPR024427;IPR024428;IPR024429;IPR024430;IPR030392;IPR036278;IPR036388;IPR040775;IPR044914
GU196277.1,ADA82273.1,Escherichia phage K1-dep(4),no,10.1007/s00253-015-7247-0,unknown,unknown,IPR001724;IPR023366;IPR024427;IPR024428;IPR024429;IPR024430;IPR030392;IPR036278;IPR036388;IPR040775;IPR044914
GU196281.1,ADA82474.1,Escherichia phage K1-ind(3),no,10.1007/s00253-015-7247-0,unknown,unknown,IPR011050;IPR012334;IPR040775;IPR041303
GU196279.1,ADA82374.1,Escherichia phage K1ind1,no,10.1007/s00253-015-7247-0,unknown,unknown,IPR011050;IPR012334;IPR040775;IPR041303
KC295538.1,AGC35227.1,Escherichia phage PBECO 4,no,10.1007/s00253-015-7247-0,unknown,unknown,IPR011050;IPR012334
NC_020079.1,YP_007348539.1,Escherichia phage phAPEC8,no,10.1007/s00253-015-7247-0,unknown,unknown,IPR001724;IPR023366;IPR024427;IPR024428;IPR024429;IPR024430;IPR030392;IPR036278;IPR044914
NC_020079.1,YP_007348546.1,Escherichia phage phAPEC8,no,10.1007/s00253-015-7247-0,unknown,unknown,IPR011050;IPR012334;IPR040775
NC_008152.1,YP_654147.1,Escherichia virus K1-5,no,10.1007/s00253-015-7247-0,unknown,unknown,IPR011050;IPR012334;IPR030392;IPR036388
NC_008152.1,YP_654148.1,Escherichia virus K1-5,no,10.1007/s00253-015-7247-0,unknown,unknown,IPR001724;IPR023366;IPR024427;IPR024428;IPR024429;IPR024430;IPR030392;IPR036278;IPR036388;IPR044914
AM084415.1,CAJ29458.1,Escherichia virus K1E,no,10.1007/s00253-015-7247-0,unknown,unknown,IPR001724;IPR023366;IPR024427;IPR024428;IPR024429;IPR024430;IPR030392;IPR036278;IPR036388;IPR044914
NC_007603.1,YP_398994.1,Escherichia virus Rtp,no,10.1007/s00253-015-7247-0,unknown,unknown,IPR011050;IPR012334;IPR040775
GU323708.1,ADA79896.1,Lactobacillus phage phiPYB5,no,10.1007/s00253-015-7247-0,unknown,unknown,IPR002053;IPR013783;IPR017853;IPR025092
GU323708.1,ADA79897.1,Lactobacillus phage phiPYB5,no,10.1007/s00253-015-7247-0,unknown,unknown,IPR025092
NC_024378.1,YP_009044242.1,Leuconostoc phage phiLNTR3,no,10.1007/s00253-015-7247-0,unknown,unknown,IPR011050;IPR012334;IPR024535
NC_019454.1,YP_007002901.1,Pantoea phage LIMElight,no,10.1007/s00253-015-7247-0,unknown,unknown,IPR005604;IPR012334
NC_019542.1,YP_007010682.1,Pectobacterium phage PP1,no,10.1007/s00253-015-7247-0,unknown,unknown,IPR005604
NC_006883.2,YP_214529.1,Prochlorococcus phage P-SSM2,no,10.1007/s00253-015-7247-0,unknown,unknown,IPR008972;IPR011049;IPR030392;IPR036388
HQ632825.1,AGN12301.1,Prochlorococcus phage P-SSM5,no,10.1007/s00253-015-7247-0,unknown,unknown,IPR008972;IPR030392;IPR036388
NC_019923.1,YP_007237194.1,Pseudomonas phage AF,no,10.1007/s00253-015-7247-0,unknown,unknown,IPR005604
JQ768459.1,AFH14728.1,Pseudomonas phage Lu11,no,10.1007/s00253-015-7247-0,unknown,unknown,IPR030392
NC_015208.1,YP_004286222.1,Pseudomonas phage phi15,no,10.1007/s00253-015-7247-0,unknown,unknown,IPR005604;IPR011050
HE611333.2,CCE60816.1,Pseudomonas phage tf,no,10.1007/s00253-015-7247-0,unknown,unknown,IPR036514
GU580941.1,ADD80892.1,Rhodococcus phage ReqiPepy6,no,10.1007/s00253-015-7247-0,unknown,unknown,IPR011050;IPR012334;IPR041352
GU580942.1,ADD80999.1,Rhodococcus phage ReqiPoco6,no,10.1007/s00253-015-7247-0,unknown,unknown,IPR011050;IPR012334;IPR041352
EU570103.1,ABA54611.1,Salmonella phage epsilon34,no,10.1007/s00253-015-7247-0,unknown,unknown,IPR009093;IPR011050;IPR012334;IPR036730
KC139525.1,AGF88658.1,Salmonella phage FSL SP-063,no,10.1007/s00253-015-7247-0,unknown,unknown,IPR011050;IPR012332;IPR015331;IPR040775
KF669653.1,AGY47555.1,Salmonella phage Marshall,no,10.1007/s00253-015-7247-0,unknown,unknown,IPR006626;IPR011050;IPR012334
KF669653.1,AGY47556.1,Salmonella phage Marshall,no,10.1007/s00253-015-7247-0,unknown,unknown,IPR011050;IPR012332;IPR015331;IPR040775
KF669654.1,AGY47760.1,Salmonella phage Maynard,no,10.1007/s00253-015-7247-0,unknown,unknown,IPR006626;IPR011050;IPR012334
NC_016071.1,YP_004893855.1,Salmonella phage PVP-SE1,no,10.1007/s00253-015-7247-0,unknown,unknown,IPR011050;IPR040775
NC_019530.1,YP_007008117.1,Salmonella phage Sh19,no,10.1007/s00253-015-7247-0,unknown,unknown,IPR011050;IPR012334;IPR024535
JX181824.1,AFU63680.1,Salmonella phage SSE121,no,10.1007/s00253-015-7247-0,unknown,unknown,IPR011050;IPR040775
NC_002730.1,NP_112090.1,Salmonella virus HK620,no,10.1007/s00253-015-7247-0,unknown,unknown,IPR009093;IPR011050;IPR012334;IPR036730;IPR041303
NC_015296.1,YP_004327544.1,Salmonella virus ViI,no,10.1007/s00253-015-7247-0,unknown,unknown,IPR006626;IPR011050;IPR012334;IPR039448
NC_021563.1,YP_008130362.1,Serratia phage Eta,no,10.1007/s00253-015-7247-0,unknown,unknown,IPR006626;IPR011050;IPR012334;IPR039448;IPR040775
JX878496.1,AFX93502.1,Serratia phage phiMAM1,no,10.1007/s00253-015-7247-0,unknown,unknown,IPR006626;IPR011050;IPR012334;IPR039448;IPR040775
JX878496.1,AFX93505.1,Serratia phage phiMAM1,no,10.1007/s00253-015-7247-0,unknown,unknown,IPR011050;IPR012334;IPR024535
JX878496.1,AFX93507.1,Serratia phage phiMAM1,no,10.1007/s00253-015-7247-0,unknown,unknown,IPR030392;IPR036388
AF547987.1,AAQ12204.1,Shigella virus Sf6,no,10.1007/s00253-015-7247-0,unknown,unknown,IPR009093;IPR011050;IPR012334;IPR024535;IPR036730
KJ804259.1,AIA64067.1,Staphylococcus phage 6ec,no,10.1007/s00253-015-7247-0,unknown,unknown,IPR011050;IPR012334;IPR021865;IPR024535
KF929199.1,AHG23941.1,Staphylococcus phage vB_SepS_SEP9,no,10.1007/s00253-015-7247-0,unknown,unknown,IPR006626;IPR011050;IPR012334;IPR021865;IPR024535
NC_007055.1,YP_240092.1,Staphylococcus virus 37,no,10.1007/s00253-015-7247-0,unknown,unknown,IPR006626;IPR011050;IPR012334;IPR021865;IPR024535
NC_008722.1,YP_950618.1,Staphylococcus virus CNPH82,no,10.1007/s00253-015-7247-0,unknown,unknown,IPR006626;IPR011050;IPR012334;IPR021865;IPR024535
JN192400.1,AFM73722.1,Staphylococcus virus IPLA5,no,10.1007/s00253-015-7247-0,unknown,unknown,IPR006626;IPR011050;IPR012334;IPR021865;IPR024535
JN192401.1,AFM73788.1,Staphylococcus virus IPLA7,no,10.1007/s00253-015-7247-0,unknown,unknown,IPR006626;IPR011050;IPR012334;IPR021865;IPR024535
NC_008723.1,YP_950681.1,Staphylococcus virus PH15,no,10.1007/s00253-015-7247-0,unknown,unknown,IPR006626;IPR011050;IPR012334;IPR021865;IPR024535
FR671406.1,CBW38974.1,Streptococcus phage 040922,no,10.1007/s00253-015-7247-0,unknown,unknown,IPR030392
FR671411.1,CBW39235.1,Streptococcus phage 2167,no,10.1007/s00253-015-7247-0,unknown,unknown,IPR030392
FR671407.1,CBW39031.1,Streptococcus phage 34117,no,10.1007/s00253-015-7247-0,unknown,unknown,IPR030392
FR671410.1,CBW39181.1,Streptococcus phage 8140,no,10.1007/s00253-015-7247-0,unknown,unknown,IPR030392
NC_024361.1,YP_009043178.1,Streptococcus phage DCC1738,no,10.1007/s00253-015-7247-0,unknown,unknown,IPR030392
NC_024370.1,YP_009043945.1,Streptococcus phage IC1,no,10.1007/s00253-015-7247-0,unknown,unknown,IPR008979;IPR030392
NC_024357.1,YP_009042723.1,Streptococcus phage K13,no,10.1007/s00253-015-7247-0,unknown,unknown,IPR030392
DQ864624.1,ABL61072.1,Streptococcus phage P9,no,10.1007/s00253-015-7247-0,unknown,unknown,IPR009860
KJ417497.1,AHN84645.1,Streptococcus phage Spn1,no,10.1007/s00253-015-7247-0,unknown,unknown,IPR030392
FR671405.1,CBW38917.1,Streptococcus phage V22,no,10.1007/s00253-015-7247-0,unknown,unknown,IPR030392
NC_021298.1,YP_008050881.1,Streptomyces phage Lika,no,10.1007/s00253-015-7247-0,unknown,unknown,IPR030392
JX889246.1,AFV51346.1,Streptomyces phage phiCAM,no,10.1007/s00253-015-7247-0,unknown,unknown,IPR030392
JX262376.1,AFO10889.1,Streptomyces phage phiELB20,no,10.1007/s00253-015-7247-0,unknown,unknown,IPR030392
NC_018836.1,YP_006906201.1,Streptomyces phage phiHau3,no,10.1007/s00253-015-7247-0,unknown,unknown,IPR030392
NC_014229.1,YP_003714746.1,Streptomyces phage phiSASD1,no,10.1007/s00253-015-7247-0,unknown,unknown,IPR006626;IPR011050;IPR012334;IPR039448
NC_019414.1,YP_006990138.1,Streptomyces phage R4,no,10.1007/s00253-015-7247-0,unknown,unknown,IPR030392
NC_021304.1,YP_008051427.1,Streptomyces phage Sujidade,no,10.1007/s00253-015-7247-0,unknown,unknown,IPR030392
NC_021339.1,YP_008060258.1,Streptomyces phage Zemlya,no,10.1007/s00253-015-7247-0,unknown,unknown,IPR030392
AY050245.2,AAL15086.1,Temperate phage phiNIH1.1,no,10.1007/s00253-015-7247-0,unknown,unknown,IPR009860;IPR041352
JN022534.1,AEX65697.1,Xanthomonas phage vB_XveM_DIBBI,no,10.1007/s00253-015-7247-0,unknown,unknown,IPR011050;IPR012334
MF034659.1,ARV77571,Pasteurella multocida phage PHB02,yes,10.3168/jds.2018-16019,unknown,unknown,IPR005604;IPR011049;IPR011050
MF166859.1,ASD51051,Pasteurella multocida phage PHB01,yes,10.3390/v11010086,unknown,unknown,IPR005604;IPR006626;IPR011049;IPR011050;IPR012334
